id,name,brand,productPageUrl,otherUrls,images,releaseDate,isWireless,isOpenSource,isMechanical,isHotSwappable,hasDisplay,hasRotaryEncoder,hasNumberRow,isTentable,hasBacklight,hasPerKeyRGB,keyCount,staggerType,switchType,firmware,buildType,notes
3w6,3w6,weteor,-,https://github.com/weteor/3W6,,-,false,true,true,-,-,false,false,-,-,-,36,column,Choc,QMK,diy,3 rows keyboard with aggressive column stagger. Split design.
absolem,Absolem,Zealot,https://zealot.hu/absolem/,,https://raw.githubusercontent.com/diimdeep/awesome-split-keyboards/master/img/Absolem.jpg,-,false,true,true,-,-,false,false,-,-,-,36,column,MX|Choc|Choc V2,QMK,diy,Ergonomic 36-key one-piece keyboard with column stagger design.
alice,Alice,TaehaTypes,https://www.taehatypes.com/alice,,https://raw.githubusercontent.com/diimdeep/awesome-split-keyboards/master/img/alice.jpg,-,false,false,true,-,-,false,false,-,-,-,66,row,MX,QMK,prebuilt,Premium traditional layout keyboard with a slight ergonomic curve. Inspired many 'Alice-style' keyboards.
apoptosis,Apoptosis,pseudoku,-,https://github.com/pseudoku/Apoptosis,,-,true,true,true,-,-,false,false,-,-,-,44,column,MX,QMK,diy,Wireless 44-key split keyboard with 3 rows and unique key layout.
arch36,Arch 36,obosob,-,https://github.com/obosob/arch-36-case,,-,false,true,true,-,-,false,false,-,-,-,36,column,MX,QMK,diy,Compact 36-key split keyboard with 3 rows and minimalist design.
arke,Arke,thingiverse,https://www.thingiverse.com/thing:2879329,,https://raw.githubusercontent.com/diimdeep/awesome-split-keyboards/master/img/Arke.jpg,-,false,true,true,-,-,false,true,true,-,-,60-65,column,MX,QMK,diy,3D-printed split keyboard with ergonomic design available on Thingiverse.
atreis,Atreis,dekonnection,https://github.com/dekonnection/atreis,https://www.reddit.com/r/MechanicalKeyboards/comments/8gt4cj/photos_the_atreis_an_unsplitted_iris/,https://raw.githubusercontent.com/diimdeep/awesome-split-keyboards/master/img/Atreis.jpg,-,false,true,true,-,-,false,true,-,-,-,54-56,column,MX,QMK,diy,An unsplit version of the Iris keyboard in a single PCB design.
atreus,Atreus,Technomancy,https://github.com/technomancy/atreus,https://falba.tech/customize-your-keyboard/,https://raw.githubusercontent.com/diimdeep/awesome-split-keyboards/master/img/Atreus.jpg,2014-01-01,false,true,true,false,false,false,false,false,false,false,42,column,MX,QMK,both,Compact ergonomic 42-key keyboard with a one-piece design. Popular portable option.
atreus62,Atreus62,profet23,https://github.com/profet23/atreus62/,,https://raw.githubusercontent.com/diimdeep/awesome-split-keyboards/master/img/Atreus62.jpg,-,false,true,true,-,-,false,true,-,-,-,62,column,MX,QMK,diy,Expanded version of the Atreus with 62 keys adding a number row and more thumb keys.
avalanche,Avalanche,Krazer Design,https://shop.krazer.design/,,,,-,false,true,true,true,true,true,true,true,-,true,67,column,MX,QMK,diy,Full-featured ergonomic keyboard with number row OLEDs and rotary encoders.
balbuzard,Balbuzard,brow,-,https://github.com/brow/balbuzard,,-,false,true,true,-,-,false,false,-,-,-,36,column,MX|Choc|Choc V2,QMK,diy,Compact 36-key keyboard with one-piece design and 3 rows.
bastyl,Bastyl,Bastard Keyboards,https://bastardkb.com/bastyl/,https://github.com/bastardkb/bastyl,,-,false,true,true,true,false,false,true,true,-,-,53-63,column,MX,QMK,both,Ergonomic column-staggered split keyboard with concave key wells for improved comfort.
bfo-9000,BFO-9000,Keebio,https://keeb.io/products/bfo-9000-keyboard-customizable-full-size-split-ortholinear,,https://raw.githubusercontent.com/diimdeep/awesome-split-keyboards/master/img/BFO-9000.jpg|https://raw.githubusercontent.com/diimdeep/awesome-split-keyboards/master/img/bfo9000_pcb.jpg,2018-01-01,false,true,true,false,false,false,true,false,false,false,108,ortholinear,MX,QMK,diy,Large customizable split ortholinear keyboard with up to 9Ã—6 keys per half (108 total).
boardwalk,Boardwalk,-,https://boardsource.xyz/store/5ecb7dad86879c9a0c22db32,,,,-,false,true,true,true,false,false,true,-,-,-,60,ortholinear,MX,QMK,diy,Ortholinear 60% keyboard with unique key layout.
butterstick,Butterstick,gboards,https://www.gboards.ca,,,,-,false,true,true,-,-,false,false,-,-,-,20,ortholinear,MX|Choc,QMK,diy,Minimalist chording keyboard with 20 keys.
cantor,Cantor,diepala,-,https://github.com/diepala/cantor,,-,false,true,true,true,false,false,false,-,-,-,42,column,Choc,QMK,diy,Low-profile Choc 42-key split keyboard with 3 rows and hot-swap support.
catboard-,CatBoard ][,ibnteo,http://catboard.klava.org/,https://github.com/ibnteo/catboard|https://habr.com/post/185500/,https://raw.githubusercontent.com/diimdeep/awesome-split-keyboards/master/img/catboard.jpg|https://raw.githubusercontent.com/diimdeep/awesome-split-keyboards/master/img/catboard_layout.png,-,false,true,true,-,-,false,true,-,-,-,60-70,column,MX,Custom,diy,Russian ergonomic keyboard with unique columnar layout and multiple thumb keys.
charybdis,Charybdis,Bastard Keyboards,https://bastardkb.com/charybdis/,https://github.com/bastardkb/charybdis,,-,false,true,true,true,false,false,-,true,-,-,35-56,column,MX,QMK,both,Split ergonomic keyboard with integrated trackball based on the Scylla/Bastyl design.
cherry-ergoplus,Cherry ErgoPlus MX 5000 (G80-5000),Cherry,http://xahlee.info/kbd/Cherry_Ergoplus_keyboard.html,https://deskthority.net/photos-f62/cherry-mx5000-teardown-restoration-g80-5000-haade-t16661.html,https://raw.githubusercontent.com/diimdeep/awesome-split-keyboards/master/img/CherryErgoPlus.jpg,1994-01-01,false,false,true,false,false,false,true,true,false,false,105-110,row,MX,Proprietary,prebuilt,Classic ergonomic keyboard from Cherry with split design and tenting capabilities.
chimera-ergo,Chimera Ergo,GlenPickle,https://github.com/GlenPickle/Chimera,,https://raw.githubusercontent.com/diimdeep/awesome-split-keyboards/master/img/Chimera.jpg,-,true,true,true,-,-,false,true,-,-,-,52-58,column,MX,Custom,diy,Wireless ergonomic keyboard using Bluetooth Low Energy one of the earlier wireless splits.
chimera52,Chimera52,GlenPickle,https://glenpickle.github.io/,,,,-,true,true,true,-,false,false,true,-,-,-,52,column,MX,Custom,diy,Wireless split keyboard with 52 keys using Bluetooth Low Energy (BLE).
chocofi,Chocofi,pashutk,-,https://github.com/pashutk/chocofi,,-,false,true,true,true,false,false,false,-,-,-,36,column,Choc,QMK|ZMK,diy,Low-profile minimalist split keyboard with 36 keys using Choc switches.
claw44,Claw44,yfuku,-,https://github.com/yfuku/claw44,,-,false,true,true,-,-,false,true,-,-,-,44,column,MX,QMK,diy,44-key split keyboard with 4 rows including number row.
colosseum,Colosseum,swanmatch,https://github.com/swanmatch/colosseum60,https://github.com/swanmatch/MxLEDBitPCB,https://raw.githubusercontent.com/diimdeep/awesome-split-keyboards/master/img/colosseum60.jpg|https://raw.githubusercontent.com/diimdeep/awesome-split-keyboards/master/img/colosseum44.jpg,-,false,true,true,-,-,false,true,-,true,true,44-60,column,MX,QMK,diy,Ergonomic split keyboard available in 44-key and 60-key variants with LED support.
corne,Corne (CRKBD),foostan,https://shop.yushakobo.jp/products/corne-cherry-v3,https://github.com/foostan/crkbd,https://raw.githubusercontent.com/diimdeep/awesome-split-keyboards/master/img/HeliDox.jpg|https://raw.githubusercontent.com/diimdeep/awesome-split-keyboards/master/img/HeliDox_PCB.jpg,2018-07-01,false,true,true,true,true,false,false,true,true,true,42,column,MX|Choc,QMK|ZMK,both,One of the most popular 42-key split keyboards with OLED displays and RGB support. Available in both MX and low-profile Choc versions.
corneish_zen,Corneish Zen,LOWPROKB,https://lowprokb.ca/products/corne-ish-zen,,,2021-01-01,true,true,true,true,true,false,false,true,false,false,42,column,Choc,ZMK,prebuilt,Wireless low-profile version of the Corne keyboard with e-ink displays and nice!nano controllers.
crbn,CRBN,Nasp,https://keygem.store/collections/maker-made-keyboards,,,,-,false,true,true,true,false,false,-,-,true,true,40,ortholinear,MX,QMK,diy,Compact 40% ortholinear keyboard with RGB lighting.
curio,Curio,Keyboardio,https://shop.keyboard.io/products/keyboardio-curio,,,2023-01-01,false,true,true,true,false,false,false,false,true,true,36,column,MX,QMK,prebuilt,Small form factor split keyboard from Keyboardio with 36 keys.
dactyl,Dactyl,adereth,https://github.com/adereth/dactyl-keyboard,,https://raw.githubusercontent.com/diimdeep/awesome-split-keyboards/master/img/Dactyl.jpg,2015-01-01,false,true,true,false,false,false,true,true,false,false,62-76,column,MX,QMK,diy,Original 3D-printed ergonomic keyboard with concave key wells inspired by the Kinesis Advantage.
dactyl-manuform,Dactyl-ManuForm,tshort,https://github.com/tshort/dactyl-keyboard,,https://raw.githubusercontent.com/diimdeep/awesome-split-keyboards/master/img/Dactyl-ManuForm.jpg,2016-01-01,false,true,true,false,false,false,true,true,false,false,42-78,column,MX|Choc,QMK,diy,Popular variation of the Dactyl with more ergonomic thumb cluster available in many configurations.
darknight,Darknight,sj_one,-,https://www.thingiverse.com/thing:3965067,,-,false,true,true,-,false,false,true,-,-,-,60,column,MX,QMK,diy,Full-featured 60-key split keyboard with number row.
delikeeb,Delikeeb,aderalll,-,https://github.com/aderalll/delikeeb,,-,false,true,true,-,-,false,false,-,-,-,36,column,Choc,QMK,diy,Small 36-key split keyboard inspired by the Corne.
drakon,Drakon,MikeFair,-,https://github.com/MikeFair/Drakon,,-,false,true,true,-,-,false,true,-,-,-,68,column,MX,QMK,diy,Custom split keyboard with 68 keys and columnar stagger.
dracuLad,DracuLad,MangoIV,-,https://github.com/mangoiv/draculad,,-,false,true,true,true,true,true,false,-,-,-,36,column,Choc|MX,QMK,diy,Compact 36-key split keyboard with OLED displays and rotary encoders. Supports both MX and Choc switches.
dumang-dk6,Dumang DK6,Dumang,http://www.beyondq.com/,,https://raw.githubusercontent.com/diimdeep/awesome-split-keyboards/master/img/Dumang-DK6-1.png|https://raw.githubusercontent.com/diimdeep/awesome-split-keyboards/master/img/Dumang-DK6-2.jpg,-,true,false,true,true,true,false,true,true,true,true,60-70,row,MX,Proprietary,prebuilt,Commercial split keyboard with programmable display hot-swappable switches and wireless capabilities.
dygma-raise,Dygma Raise,Dygma,https://www.dygma.com/raise/,,https://raw.githubusercontent.com/diimdeep/awesome-split-keyboards/master/img/Dygma-Raise-Mechanical-Split-Keyboard.jpg|https://raw.githubusercontent.com/diimdeep/awesome-split-keyboards/master/img/Dygma-Raise-Mechanical-Split-Keyboard_white.jpg,2019-01-01,false,true,true,true,false,false,true,true,true,true,68,row,MX,Custom,prebuilt,Premium split keyboard with 8-key thumb cluster and per-key RGB. Uses Bazecor software for configuration.
elephant42,Elephant42,illness072,-,https://github.com/illness072/elephant42,,-,false,true,true,-,false,false,false,-,-,-,42,column,MX|Choc,QMK,diy,Compact 42-key split keyboard with distinctive thumb cluster design.
entropy,Entropy,jhelvy,-,https://github.com/jhelvy/entropy,,-,false,true,true,-,-,false,false,-,-,-,36,column,Choc,QMK,diy,Small form factor keyboard with 36 keys and minimalist design.
ergodash,ErgoDash,omkbd,https://github.com/omkbd/ErgoDash,,https://raw.githubusercontent.com/diimdeep/awesome-split-keyboards/master/img/Ergodash.jpg,-,false,true,true,true,true,false,true,true,true,true,66,column,MX,QMK,diy,Full-featured 66-key split keyboard with number row OLED support and RGB lighting.
ergodash1,ErgoDash (rev 1),omkbd,-,https://github.com/omkbd/ErgoDash,,-,false,true,true,-,true,false,true,true,true,true,66,column,MX,QMK,diy,The first revision of the ErgoDash a 66-key split keyboard with RGB lighting.
ergodone,Ergodone,K.T.E.C.,-,,https://raw.githubusercontent.com/diimdeep/awesome-split-keyboards/master/img/Ergodone.jpg|https://raw.githubusercontent.com/diimdeep/awesome-split-keyboards/master/img/Ergodone_PCB.jpg,-,false,true,true,false,false,false,true,true,true,false,76,column,MX,QMK|TMK,diy,Chinese clone/variant of the ErgoDox available as a more affordable option through AliExpress.
ergodox,ErgoDox,Ergodox,https://www.ergodox.io,https://github.com/Ergodox-io/ErgoDox|https://github.com/adereth/ergodox-tent,https://raw.githubusercontent.com/diimdeep/awesome-split-keyboards/master/img/ErgoDox-original-min.png,2012-01-01,false,true,true,true,false,false,true,true,true,true,76,column,MX,QMK,both,One of the most popular DIY ergonomic keyboards with column staggered layout and thumb clusters.
ergodox-ez,ErgoDox EZ,ZSA,https://ergodox-ez.com,https://github.com/rothgar/ergodox-ez-tent-kit,https://raw.githubusercontent.com/diimdeep/awesome-split-keyboards/master/img/Ergodox_EZ.jpg|https://raw.githubusercontent.com/diimdeep/awesome-split-keyboards/master/img/Ergodox_EZ_white.jpg,2015-01-01,false,true,true,true,false,false,true,true,true,true,76,column,MX,QMK,prebuilt,Pre-built commercial version of the ErgoDox with hot-swap switches and tenting solution.
ergodox-infinity,Ergodox infinity,Input Club,https://input.club/devices/infinity-ergodox/,,https://raw.githubusercontent.com/diimdeep/awesome-split-keyboards/master/img/ErgoDox_Infinity.jpg|https://raw.githubusercontent.com/diimdeep/awesome-split-keyboards/master/img/ErgoDox_Infinity_PCB.jpg,-,false,true,true,false,true,false,true,true,true,true,76,column,MX,QMK|KLL,diy,Updated version of the ErgoDox by Input Club featuring LCD displays and improved firmware.
ergoinu,Ergoinu,hsgw,https://github.com/hsgw/ergoinu,,https://raw.githubusercontent.com/diimdeep/awesome-split-keyboards/master/img/ergoinu.jpg,-,false,true,true,-,-,false,-,-,-,-,60-70,column,MX,QMK,diy,Compact split keyboard from Japan with flexible column stagger and small form factor.
ergotravel,Ergotravel,jpconstantineau,https://github.com/jpconstantineau/ErgoTravel,,https://raw.githubusercontent.com/diimdeep/awesome-split-keyboards/master/img/Ergotravel.jpg,-,false,true,true,-,-,false,true,-,-,-,54,column,MX,QMK,diy,Compact column-staggered split keyboard with 54 keys designed for travel.
estie45,Estie45,rainkeebs,-,https://github.com/rainkeebs/estie45,,-,false,true,true,-,-,false,false,-,-,-,45,column,MX,QMK,diy,Split 45-key keyboard with columnar stagger.
faux_fox,Faux Fox,smores56,-,https://github.com/smores56/faux_fox,,-,false,true,true,-,-,false,false,-,-,-,36,column,Choc,QMK|ZMK,diy,Low-profile 36-key split keyboard inspired by the Ferris.
ferris,Ferris,pierrechevalier83,https://github.com/pierrechevalier83/ferris,,,2020-01-01,false,true,true,true,false,false,false,false,false,false,34,column,Choc,QMK|ZMK,diy,Minimalist 34-key low-profile split keyboard focusing on simplicity and portability.
fifi,Fifi,raychengy,-,https://github.com/raychengy/fifi_split_keeb,,-,false,true,true,-,-,false,false,-,-,-,36,column,MX,QMK,diy,Compact 36-key split keyboard with minimalist design.
for-science,For Science,peej,https://github.com/peej/for-science-keyboard,,https://raw.githubusercontent.com/diimdeep/awesome-split-keyboards/master/img/ForScience.jpg|https://raw.githubusercontent.com/diimdeep/awesome-split-keyboards/master/img/ForScience_PCB.png,-,false,true,true,-,-,false,true,-,-,-,60-70,column,MX,QMK,diy,Split keyboard with unique curved design and ortholinear layout.
fortitude60,Fortitude60,Pekaso,https://yushakobo.jp/shop/fortitude60,https://github.com/Pekaso/fortitude60,https://raw.githubusercontent.com/diimdeep/awesome-split-keyboards/master/img/Fortitude60-otakublack.jpeg|https://raw.githubusercontent.com/diimdeep/awesome-split-keyboards/master/img/Fortitude60-ikiriwhite.jpg,-,false,true,true,-,false,false,true,-,-,-,60,column,MX,QMK,diy,60-key split keyboard with minimalist design available in both black and white versions.
fourier-40,Fourier 40,Keebio,https://keeb.io/collections/frontpage/products/fourier-40-split-staggered-keyboard,,https://raw.githubusercontent.com/diimdeep/awesome-split-keyboards/master/img/Fourier40.jpg,-,false,true,true,-,false,false,true,-,-,-,40,row,MX,QMK,diy,40% split keyboard with standard row stagger from Keebio.
freya,Freya,swiftrax,-,https://github.com/swiftrax/Freya,,-,false,true,true,false,false,false,true,-,-,-,60,row,MX,QMK,diy,Split keyboard with standard row stagger and classic layout.
freestyle2,Freestyle2,Kinesis,https://kinesis-ergo.com/shop/freestyle2/,,,2012-01-01,false,false,true,false,false,false,true,true,false,false,95,row,Membrane,Proprietary,prebuilt,Commercial split ergonomic membrane keyboard from Kinesis with tenting kit option.
fulcrum46,Fulcrum46,keyboardio,-,https://github.com/keyboardio/fulcrum46,,-,false,true,true,-,-,false,false,-,-,-,46,column,MX,QMK,diy,46-key split keyboard with custom columnar stagger design.
georgi,Georgi,g Heavy Industries,https://www.gboards.ca,https://github.com/qmk/qmk_firmware/tree/master/keyboards/georgi,https://raw.githubusercontent.com/diimdeep/awesome-split-keyboards/master/img/Georgi.jpg|https://raw.githubusercontent.com/diimdeep/awesome-split-keyboards/master/img/Georgi2.jpg,-,false,true,true,-,false,false,false,-,-,-,30,column,Choc,QMK,diy,Stenography keyboard designed for court reporters and hobbyists using specialized stenography software.
gergo,Gergo,g Heavy Industries,https://www.gboards.ca,https://github.com/qmk/qmk_firmware/tree/master/keyboards/gergo,https://raw.githubusercontent.com/diimdeep/awesome-split-keyboards/master/img/Gergo.jpg|https://raw.githubusercontent.com/diimdeep/awesome-split-keyboards/master/img/Gergo2.jpg,2018-01-01,false,true,true,-,false,false,false,-,-,-,50,column,Choc,QMK,diy,Compact low-profile ergonomic keyboard with 50 keys designed by g Heavy Industries.
gergoplex,Gergoplex,g Heavy Industries,https://www.gboards.ca,,,2019-01-01,false,true,true,true,false,false,false,-,-,-,36,column,Choc,QMK,diy,Simplified version of the Gergo with fewer keys (36) and streamlined design.
ginny,Ginny,g Heavy Industries,https://www.gboards.ca,,,,-,false,true,true,-,-,false,false,-,-,-,30,column,Choc,QMK,diy,Compact stenography keyboard from g Heavy Industries.
glove80,Glove80,MoErgo,https://www.moergo.com,,,2022-01-01,true,true,true,true,false,true,true,true,true,true,80,column,Choc,ZMK,prebuilt,Premium wireless ergonomic keyboard with 80 keys contoured design and RGB lighting.
goldtouch-go2,Goldtouch Go!2,Goldtouch,https://www.goldtouch.com/best-ergonomic-keyboard/,,https://raw.githubusercontent.com/diimdeep/awesome-split-keyboards/master/img/Goldtouch-Go2.jpg,-,false,false,true,false,false,false,true,true,false,false,89,row,Membrane,Proprietary,prebuilt,Portable folding ergonomic keyboard with adjustable tenting and compact design.
halfmoon,Halfmoon,ishtob,-,https://github.com/ishtob/halfmoon,,-,false,true,true,-,-,false,false,-,-,-,44,column,MX,QMK,diy,44-key split keyboard with curved design.
helix,Helix,MakotoKurauchi,https://yushakobo.jp/shop/helix-keyboard-kit/,https://github.com/MakotoKurauchi/helix,https://raw.githubusercontent.com/diimdeep/awesome-split-keyboards/master/img/Helix.jpg,-,false,true,true,true,true,false,true,true,true,true,64,column,MX,QMK,diy,Versatile split keyboard with OLED displays RGB backlighting and multiple layout options.
hillside,Hillside,mmccoyd,-,https://github.com/mmccoyd/hillside,,-,false,true,true,-,-,false,true,-,-,-,48-52,column,MX|Choc,QMK|ZMK,diy,Split ergonomic keyboard with optimized columnar stagger and thumb clusters.
hypergardens,HyperGardens,davidphilipbarr,-,https://github.com/davidphilipbarr/hypergarden,,-,false,true,true,-,-,false,false,-,-,-,34-36,column,Choc,QMK|ZMK,diy,Low-profile minimalist split keyboard similar to the Ferris with 34-36 keys.
interphase,Interphase,Uyne,-,https://github.com/Uyne/Interphase,,-,false,true,true,-,-,false,false,-,-,-,42,column,MX,QMK,diy,42-key split keyboard with optimized columnar stagger.
iris,Iris,Keebio,https://keeb.io/products/iris-keyboard-split-ergonomic-keyboard,https://github.com/keebio/iris-case|https://github.com/qmk/qmk_firmware/tree/master/keyboards/iris,https://raw.githubusercontent.com/diimdeep/awesome-split-keyboards/master/img/Iris.jpg,2017-01-01,false,true,true,true,true,true,true,true,true,true,54,column,MX,QMK|ZMK,diy,Popular split ergonomic keyboard with a focus on compact design but maintaining a number row.
jian,Jian,KGMG,-,https://github.com/KGMG/Jian-Info,,-,false,true,true,-,-,false,false,-,-,-,40,column,MX|Choc,QMK,diy,Compact 40-key split keyboard with aggressive column stagger.
jiran,Jiran,Ladniy,-,https://github.com/Ladniy/jiran-breakoff,,-,false,true,true,-,-,false,false,-,-,-,44,column,Choc,QMK|ZMK,diy,44-key low-profile split keyboard with columnar stagger.
jnao,JNAO,Nobody-famous,-,https://github.com/nobody-famous/jnao,,-,false,true,true,-,-,false,true,-,-,-,48,ortholinear,MX,QMK,diy,Ortholinear split keyboard with 48 keys inspired by the Let's Split.
jorne,Jorne,joric,-,https://github.com/joric/jorne,,-,false,true,true,true,true,false,false,true,true,true,44,column,MX|Choc,QMK|ZMK,diy,Modified Corne keyboard with extra thumb keys and improved layout (44 keys).
katana60,Katana60,Rooiejoris,https://candykeys.com/product/katana60-pcb-V2,,,,-,false,true,true,-,-,false,true,-,-,-,60,row,MX,QMK,diy,Ergonomic 60% keyboard with modified layout for better ergonomics.
keyboardio_model01,Keyboardio Model01,Keyboard.io,https://shop.keyboard.io/,,https://raw.githubusercontent.com/diimdeep/awesome-split-keyboards/master/img/Keyboardio_Model01.jpg,2017-01-01,false,true,true,false,true,false,true,true,true,true,64,column,MX,QMK|Kaleidoscope,prebuilt,Unique wooden split keyboard with integrated palm rests RGB LEDs and custom keycaps.
keyseebee,KeySeeBee,TeXitoi,-,https://github.com/TeXitoi/keyseebee,,-,false,true,true,-,-,false,false,-,-,-,44,column,MX,QMK,diy,44-key split keyboard with compact columnar layout.
kimiko,Kimiko,Keycapsss,https://keycapsss.com/keyboard-parts/pcbs/123/kimiko-split-keyboard-kit,,,,-,false,true,true,true,true,true,true,true,true,true,56,column,MX|Choc,QMK,diy,Split keyboard based on the Corne with additional keys rotary encoders and OLEDs.
kinesis-advantage,Kinesis Advantage2,Kinesis,https://www.kinesis-ergo.com/shop/advantage2/,,https://raw.githubusercontent.com/diimdeep/awesome-split-keyboards/master/img/KinesisAdvantage2.jpg,2002-01-01,false,false,true,false,false,false,true,true,false,false,86,column,MX,Custom,prebuilt,Classic commercial ergonomic keyboard with concave keywells and thumb clusters. Influenced many DIY designs.
kinesis-freestyle-pro,Kinesis Freestyle Pro,Kinesis,https://www.kinesis-ergo.com/shop/freestyle-pro/,,https://raw.githubusercontent.com/diimdeep/awesome-split-keyboards/master/img/KinesisFreestylePro.jpg,-,false,false,true,false,false,false,true,true,false,false,95,row,MX,Proprietary,prebuilt,Professional version of the Freestyle split keyboard with mechanical switches and programmability.
kyria,Kyria,SplitKB,https://splitkb.com/products/kyria-kit-rev1-0,https://github.com/splitkb/kyria,https://raw.githubusercontent.com/diimdeep/awesome-split-keyboards/master/img/Kyria.jpg,2019-01-01,false,true,true,true,true,true,false,true,true,true,46,column,MX|Choc,QMK|ZMK,diy,Highly ergonomic 46-key split keyboard with large thumb clusters rotary encoders and OLED displays.
lain,Lain,herpiko,-,https://github.com/herpiko/lain,,-,false,true,true,-,-,false,false,-,-,-,38,column,MX|Choc,QMK|ZMK,diy,38-key split keyboard with minimal footprint.
lets-split,Let's Split,nicinabox,https://github.com/nicinabox/lets-split-guide,https://www.maple-computing.com/collections/frontpage/products/lets-split-eh-leftovers|https://mehkee.com/products/lets-split-pcb,https://raw.githubusercontent.com/diimdeep/awesome-split-keyboards/master/img/LetsSplit.jpg,2016-01-01,false,true,true,false,false,false,false,false,false,false,48,ortholinear,MX,QMK,diy,Classic 48-key split ortholinear keyboard essentially a split Planck. Simple but effective design.
levinson,Levinson,Keebio,https://keeb.io/products/levinson-lets-split-w-led-backlight,https://keeb.io/products/levinson-keyboard-case-plates|https://github.com/qmk/qmk_firmware/blob/master/keyboards/levinson/readme.md,https://raw.githubusercontent.com/diimdeep/awesome-split-keyboards/master/img/Levinson.jpg,-,false,true,true,-,false,false,false,-,true,-,48,ortholinear,MX,QMK,diy,Enhanced version of the Let's Split from Keebio with LED support and other improvements.
lily58,Lily58,kata0510,https://github.com/kata0510/Lily58,,https://raw.githubusercontent.com/diimdeep/awesome-split-keyboards/master/img/lily58_keyboard.jpg,2018-01-01,false,true,true,true,true,false,true,true,false,false,58,column,MX|Choc,QMK|ZMK,diy,Popular 58-key split keyboard with number row and OLED displays. Middle ground between Corne and Ergodox layouts.
lotus58,Lotus58,TweetyDaBird,-,https://github.com/TweetyDaBird/Lotus58,,-,false,true,true,true,true,true,true,true,true,true,58,column,MX|Choc,QMK|ZMK,diy,Enhanced version of the Lily58 with rotary encoders and RGB support.
lumberjack,Lumberjack,peej,-,https://github.com/peej/lumberjack-keyboard,,-,false,true,true,-,-,false,true,-,-,-,60,ortholinear,MX,QMK,diy,Ortholinear 60% keyboard that fits in standard 60% cases.
maltron,Maltron,Maltron,https://www.maltron.com/store/c33/Maltron_Keyboards_for_USA.html,,https://raw.githubusercontent.com/diimdeep/awesome-split-keyboards/master/img/Maltron.jpg,1977-01-01,false,false,true,false,false,false,true,true,false,false,100,column,MX,Proprietary,prebuilt,One of the earliest ergonomic keyboards with contoured key wells predating the Kinesis Advantage.
manibus,Manibus,Cuddly Keyboards,https://www.cuddlykeyboards.com/product/manibus,,,,-,false,true,true,true,false,false,true,true,true,true,52,column,MX,QMK|ZMK,both,52-key split keyboard with aggressive columnar stagger and integrated wrist rest.
manta60,Manta60,KamoNanban,-,https://github.com/KamoNanban/Manta60,,-,false,true,true,-,-,false,true,-,-,-,60,column,MX,QMK,diy,60-key ergonomic keyboard with columnar stagger.
matias-ergo-pro,Matias Ergo Pro,Matias,https://matias.ca/ergopro/pc/,,https://raw.githubusercontent.com/diimdeep/awesome-split-keyboards/master/img/matias_ergo_pro.jpg,-,false,false,true,false,false,false,true,true,false,false,89,row,Matias,Proprietary,prebuilt,Commercial ergonomic keyboard using Matias quiet switches with adjustable tenting.
microdox,Microdox,Boardsource,https://boardsource.xyz/store/5f2e7e4a2902de7151494f92,,,,-,false,true,true,true,true,false,false,true,true,true,36,column,MX|Choc,QMK|ZMK,diy,Compact 36-key split keyboard with OLED displays and RGB support.
mini_ma,Mini-MA,paprikman,-,https://github.com/paprikman/mini-ma,,-,false,true,true,-,-,false,false,-,-,-,34,column,Choc,QMK,diy,Minimalist 34-key split keyboard inspired by the Ferris.
minidox,Minidox,That-Canadian,https://github.com/That-Canadian/MiniDox_PCB,https://github.com/dotdash32/cases/tree/master/Minidox,https://raw.githubusercontent.com/diimdeep/awesome-split-keyboards/master/img/MiniDox.jpg,-,false,true,true,-,false,false,false,-,-,-,36,column,MX,QMK,diy,Compact 36-key split keyboard with minimalist design and small footprint.
mistel-barocco,Mistel Barocco,Mistel,http://www.mistelkeyboard.com/keyboards/,,https://raw.githubusercontent.com/diimdeep/awesome-split-keyboards/master/img/MistelBarocco.jpg,-,false,false,true,false,false,false,true,true,false,false,60,row,MX,Proprietary,prebuilt,Commercial split 60% keyboard with standard row stagger available in multiple switch types.
mitosis,Mitosis,reversebias,https://github.com/reversebias/mitosis-hardware,https://github.com/reversebias/mitosis,https://raw.githubusercontent.com/diimdeep/awesome-split-keyboards/master/img/Mitosis.jpg,-,true,true,true,-,false,false,false,-,-,-,46,column,MX,QMK,diy,Innovative wireless split keyboard with unique layout and custom wireless implementation.
moonlander,Moonlander Mark I,ZSA,https://www.zsa.io/moonlander/,,https://raw.githubusercontent.com/diimdeep/awesome-split-keyboards/master/img/Moonlander1.jpg,2020-07-01,false,true,true,true,true,false,true,true,true,true,72,column,MX,QMK,prebuilt,Premium ergonomic split keyboard from ZSA with adjustable tenting thumb clusters and Oryx configurator.
naked60,Naked60,Salicylic-acid3,https://salicylic-acid3.booth.pm/,,,,-,false,true,true,-,-,false,true,-,-,-,60,column,MX,QMK,diy,60-key columnar staggered keyboard in a slim form factor.
nameless,Nameless,-,-,https://github.com/CIAvash/my-keyboard,,-,false,true,true,-,-,false,false,-,-,-,50,column,MX|Choc,QMK|ZMK,diy,Custom split keyboard with optimized thumb clusters and aggressive columnar stagger.
nekodex,Nekodex,nekodex,-,https://github.com/nekodex/nekodex,,-,false,true,true,-,-,false,true,-,-,-,50,column,MX,QMK,diy,Custom 50-key split keyboard with unique thumb cluster design.
novus,Novus,FJLabs,-,https://github.com/FJLabs-Designs/Novus,,-,false,true,true,-,-,false,true,-,-,-,60,row,MX,QMK,diy,Split 60% keyboard with added thumb keys.
nyquist,Nyquist,Keebio,https://keeb.io/collections/frontpage/products/nyquist-keyboard,https://keeb.io/products/nyquist-keyboard-pcbs-cas,https://raw.githubusercontent.com/diimdeep/awesome-split-keyboards/master/img/Nyquist.jpg|https://raw.githubusercontent.com/diimdeep/awesome-split-keyboards/master/img/Nyquist_PCB.jpg,-,false,true,true,-,false,false,true,-,-,-,60,ortholinear,MX,QMK,diy,Split ortholinear keyboard with 60 keys (5x6 per side) from Keebio.
onepiece,One Piece,-,-,https://github.com/corodok/onepiece,,-,false,true,true,-,-,false,false,-,-,-,34,column,Choc,QMK|ZMK,diy,Minimalist 34-key split keyboard with low-profile switches.
piantor,Piantor,beekeeb,https://shop.beekeeb.com/product/piantor-keyboard-kit,,,,-,false,true,true,true,false,false,false,true,-,-,36,column,Choc,QMK|ZMK,diy,Low-profile 36-key ergonomic keyboard with portable design.
pinky,Pinky,tamanishi,https://github.com/tamanishi/Pinky4,,https://raw.githubusercontent.com/diimdeep/awesome-split-keyboards/master/img/pinky4.jpg|https://raw.githubusercontent.com/diimdeep/awesome-split-keyboards/master/img/pinky3.jpg,-,false,true,true,-,-,false,true,-,-,-,66,column,MX,QMK,diy,Ergonomic split keyboard available in multiple versions (Pinky3 and Pinky4) with different key counts.
pinky4,Pinky4,tamanishi,https://github.com/tamanishi/Pinky4,,,,-,false,true,true,-,-,false,true,-,-,-,66,column,MX,QMK,diy,62-66 key split keyboard with columnar stagger and number row.
pluckey,Pluckey,SHIKI,https://github.com/tamanishi/Plucky/,,,,-,false,true,true,-,-,false,true,-,-,-,58,column,MX|Choc,QMK,diy,Split keyboard inspired by the Lily58 with slightly modified layout.
pteron,Pteron,FSund,https://github.com/FSund/pteron-keyboard,https://www.reddit.com/r/MechanicalKeyboards/comments/9blobs/the_pteron/,https://raw.githubusercontent.com/diimdeep/awesome-split-keyboards/master/img/Pteron.jpg,-,false,true,true,-,-,false,true,-,-,-,56,column,MX,QMK,diy,Ergonomic split keyboard with aggressive columnar stagger and excellent thumb cluster positioning.
pteron36,Pteron36,harshitgoel96,-,https://github.com/harshitgoel96/pteron36-split-keyboard,,-,false,true,true,-,-,false,false,-,-,-,36,column,MX|Choc,QMK,diy,Compact 36-key version of the Pteron with columnar stagger.
quefrency_rev1,Quefrency (rev 1),Keebio,https://keeb.io/collections/quefrency-split-staggered-65-keyboard,,,,-,false,true,true,-,-,false,true,-,-,-,60-65,row,MX,QMK,diy,Split 60-65% keyboard with standard row stagger - first revision.
quefrency_rev2,Quefrency (rev 2),Keebio,https://keeb.io/collections/quefrency-split-staggered-65-keyboard,,,,-,false,true,true,true,false,true,true,-,true,true,60-65,row,MX,QMK,diy,Updated version of the Quefrency with rotary encoder support and hot-swap sockets.
r-go-split,R-Go Split,R-Go Tools,https://www.r-go-tools.com/products/ergonomic-keyboards/r-go-split/,,https://raw.githubusercontent.com/diimdeep/awesome-split-keyboards/master/img/rgo_split.jpg,-,false,false,true,false,false,false,true,true,false,false,105,row,Membrane,Proprietary,prebuilt,Commercial split ergonomic keyboard with adjustable tenting and membrane switches.
redox,Redox,mattdibi,https://github.com/mattdibi/redox-keyboard,https://github.com/Lenbok/scad-redox-case,https://raw.githubusercontent.com/diimdeep/awesome-split-keyboards/master/img/Redox.jpg|https://raw.githubusercontent.com/diimdeep/awesome-split-keyboards/master/img/Redox_PCB.jpg,2017-01-01,false,true,true,true,false,false,true,true,true,true,70,column,MX,QMK,diy,Improved take on the ErgoDox design with a more comfortable thumb cluster and better ergonomics.
redox_wireless,Redox Wireless,mattdibi,https://github.com/mattdibi/redox-keyboard/tree/master/redox-w,,,2018-01-01,true,true,true,true,false,false,true,true,true,true,70,column,MX,Custom,diy,Wireless version of the Redox using nRF51822 microcontrollers for Bluetooth connectivity.
reviung39,Reviung39,gtips,https://github.com/gtips/reviung/tree/master/reviung39,,,,-,false,true,true,-,-,false,false,-,-,-,39,column,MX,QMK,diy,Compact 39-key split-style keyboard with unique layout.
reviung41,Reviung41,gtips,https://github.com/gtips/reviung/tree/master/reviung41,,,,-,false,true,true,-,-,false,false,-,-,-,41,column,MX,QMK,diy,Compact 41-key unibody split keyboard with columnar stagger.
rhymestone,Rhymestone,marksard,https://github.com/marksard/Keyboards/tree/master/rhymestone,,,,-,false,true,true,-,-,false,false,-,-,-,40,ortholinear,MX|Choc,QMK,diy,40-key split ortholinear keyboard with compact design.
romac,ROMAC,TheRoyalSweatshirt,-,https://github.com/TheRoyalSweatshirt/The_RoMac_Macro,,-,false,true,true,-,-,true,false,-,-,-,12,ortholinear,MX,QMK,diy,12-key macropad with rotary encoder support.
scylla,Scylla,Bastard Keyboards,https://bastardkb.com/product-category/scylla/,,,,-,false,true,true,true,false,false,false,true,-,-,36-44,column,MX,QMK|ZMK,both,Compact ergonomic keyboard with concave key wells from Bastard Keyboards.
sinc,Sinc,Keebio,https://keeb.io/collections/sinc-split-staggered-75-keyboard,,,,-,false,true,true,true,false,true,true,-,true,true,75-80,row,MX,QMK,diy,Split 75% keyboard with standard row stagger and optional function row.
skeletyl,Skeletyl,Bastard Keyboards,https://bastardkb.com/product-category/skeletyl/,,,,-,false,true,true,true,false,false,false,true,-,-,36,column,MX,QMK|ZMK,both,Lightweight minimal version of the Scylla with similar concave key wells but more portable design.
slice-of-life,Slice of Life,-,-,https://github.com/brickbots/sliceoflife,,-,false,true,true,-,-,false,false,-,-,-,30,column,Choc,QMK,diy,Ultra-minimalist 30-key split keyboard with aggressive columnar stagger.
skiff,Skiff,tzarc,-,https://github.com/tzarc/skiff,,-,false,true,true,-,-,false,true,-,-,-,55,column,MX,QMK,diy,55-key split keyboard with compact columnar stagger design.
slime,Slime,-,-,https://github.com/Sho-Keebs/Slime,,-,false,true,true,-,-,false,true,-,-,-,60,row,MX,QMK,diy,Split 60% keyboard with mild ergonomic improvements.
sofle,Sofle,josefadamcik,https://josefadamcik.github.io/SofleKeyboard/,https://github.com/josefadamcik/SofleKeyboard,https://raw.githubusercontent.com/diimdeep/awesome-split-keyboards/master/img/sofle_keyboard.jpg,2019-01-01,false,true,true,true,true,true,true,true,true,true,58,column,MX|Choc,QMK|ZMK,diy,Popular 58-key split keyboard based on Lily58 with added rotary encoders. Available in several versions.
sofle_rgb,Sofle RGB,josefadamcik,https://josefadamcik.github.io/SofleKeyboard/,https://github.com/josefadamcik/SofleKeyboard,,-,false,true,true,true,true,true,true,true,true,true,58,column,MX|Choc,QMK|ZMK,diy,Version of the Sofle with per-key RGB lighting and other improvements.
sol,Sol,RGBKB,https://www.rgbkb.net,https://www.rgbkb.net/collections/sol-2,https://raw.githubusercontent.com/diimdeep/awesome-split-keyboards/master/img/Sol.jpg,-,false,true,true,true,true,true,true,true,true,true,68,column,MX,QMK,diy,Feature-rich split keyboard with OLED displays multiple rotary encoders and full RGB lighting.
sol2,Sol 2,RGBKB,https://www.rgbkb.net/collections/sol-2,,,2019-01-01,false,true,true,true,true,true,true,true,true,true,68,column,MX,QMK,diy,Updated version of the Sol with improved features and design.
splaytoraid,Splaytoraid,freya,https://github.com/freya-irl/splaytoraid40,,-,false,true,true,-,-,false,false,-,-,-,34,column,Choc,QMK|ZMK,diy,Compact 34-key split keyboard with unique splay angle and columnar stagger.
splay46,Splay46,freya,https://github.com/freya-irl/splay46,,,,-,false,true,true,-,-,false,false,-,-,-,46,column,Choc,QMK|ZMK,diy,46-key split keyboard with unique splay angle and columnar stagger.
squiggle,Squiggle,ibnuda,-,https://github.com/ibnuda/Squiggle,,-,false,true,true,-,-,false,false,-,-,-,42,column,MX|Choc,QMK,diy,Compact 42-key split keyboard with aggressive columnar stagger.
strained-corne,Strained-corne,ScatteredDrifter,-,https://github.com/ScatteredDrifter/Strained-corne,,-,false,true,true,-,true,false,false,-,-,-,42,column,MX|Choc,QMK|ZMK,diy,Modified Corne keyboard with shifted outer columns for better ergonomics.
sweeeeep,Sweeeeep,sadekbaroudi,-,https://github.com/sadekbaroudi/sweep36,,-,false,true,true,-,-,false,false,-,-,-,36,column,Choc,QMK|ZMK,diy,Modified 36-key Ferris Sweep with improved layout and features.
sweep,Sweep,davidphilipbarr,-,https://github.com/davidphilipbarr/Sweep,,-,false,true,true,-,-,false,false,-,-,-,34,column,Choc,QMK|ZMK,diy,Minimalist 34-key low-profile split keyboard similar to the Ferris.
t-34,T-34,BrunoSpy,-,https://github.com/BrunoSpy/t-34-keyboard,,-,false,true,true,-,-,false,false,-,-,-,34,column,Choc,QMK,diy,Compact 34-key split keyboard with thumb cluster.
tbkmini,Tbk Mini,tinyboatcaptain,-,https://github.com/tinyboatcaptain/tbkmini,,-,false,true,true,-,-,false,false,-,-,-,40,column,MX,QMK,diy,40-key split keyboard with columnar stagger and aggressive thumb arc.
torn,Torn,rtitmuss,-,https://github.com/rtitmuss/torn,,-,false,true,true,true,false,false,false,-,-,-,44,column,MX,QMK,diy,44-key split keyboard with unique unibody case design.
totem,Totem,jumper149,-,https://github.com/GEIGEIGEIST/TOTEM,,-,false,true,true,-,-,false,false,-,-,-,36,column,Choc,QMK|ZMK,diy,36-key split keyboard with aggressive columnar stagger.
uhk,Ultimate Hacking Keyboard,UHK,https://ultimatehackingkeyboard.com,,https://raw.githubusercontent.com/diimdeep/awesome-split-keyboards/master/img/Ultimatehackingkeyboard.jpg,2017-01-01,false,true,true,false,true,false,true,true,true,true,60,row,MX,Custom,prebuilt,Premium split keyboard with modular design allowing for different add-ons including trackball and trackpoint.
vea,VE.A,Oddforge,https://www.massdrop.com/buy/ve-a,http://xahlee.info/kbd/VE.A_keyboard.html,https://raw.githubusercontent.com/diimdeep/awesome-split-keyboards/master/img/VEA.jpg,-,false,true,true,false,false,false,true,true,false,false,84,row,MX,Custom,prebuilt,Premium Korean custom split keyboard with 75% layout and integrated numpad.
vim,Vim,-,-,https://github.com/OpenHMD/MergerVR,,-,false,true,true,-,-,false,false,-,-,-,36,column,MX|Choc,QMK,diy,Compact 36-key split keyboard with VIM-inspired layout.
viterbi,Viterbi,Keebio,https://keeb.io/products/viterbi-keyboard-pcbs-5x7-70-split-ortholinear,https://github.com/qmk/qmk_firmware/blob/master/keyboards/viterbi/readme.md,https://raw.githubusercontent.com/diimdeep/awesome-split-keyboards/master/img/Viterbi.jpg,-,false,true,true,-,false,false,true,-,-,-,70,ortholinear,MX,QMK,diy,Split ortholinear keyboard with 70 keys (5x7 per side) from Keebio.
voyager,Voyager,ZSA,https://www.zsa.io/voyager/,,,2023-06-01,true,true,true,true,true,false,true,true,true,true,60,column,Choc,ZMK,prebuilt,Successor to the Moonlander with improved wireless capabilities and low-profile design.
x-bows,X-Bows,X-Bows,http://www.x-bows.com/,,https://raw.githubusercontent.com/diimdeep/awesome-split-keyboards/master/img/xbows.jpg,-,false,false,true,false,false,false,true,true,true,true,89,column,MX,Proprietary,prebuilt,Ergonomic keyboard with unique X-shaped layout for better typing ergonomics.
xenon,Xenon,Nasp,-,https://github.com/Nasp/Xenon,,-,false,true,true,true,false,false,false,-,-,-,44,column,MX|Choc,QMK,diy,44-key split keyboard similar to the Corne but with improved ergonomics.
yaemk,YAEMK,KarlK90,-,https://github.com/KarlK90/yaemk-split-kb,,-,true,true,true,true,true,true,true,true,true,true,64,column,MX,QMK|ZMK,diy,Feature-rich wireless split keyboard with OLED displays rotary encoders RGB lighting and more.
zen,Zen,RGBKB,https://www.rgbkb.net/products/zen-keyboard,https://mykeyboard.eu/catalogue/category/keyboard-kits/zen-keyboard_55/|https://legonut.gitbooks.io/zen-keyboard/content/|https://legonut.gitbooks.io/zen-keyboard/content/flashing.html|https://github.com/qmk/qmk_firmware/blob/master/keyboards/zen/readme.md,https://raw.githubusercontent.com/diimdeep/awesome-split-keyboards/master/img/Zen.jpg|https://raw.githubusercontent.com/diimdeep/awesome-split-keyboards/master/img/Zen_PCB.jpg,-,false,true,true,true,true,false,true,true,true,true,60-75,column,MX,QMK,diy,Feature-rich split keyboard with optional thumb and function rows RGB lighting and OLED displays.
zen2,Zen2,RGBKB,https://www.rgbkb.net,,,,-,false,true,true,true,true,true,true,true,true,true,60-75,column,MX,QMK,diy,Updated version of the Zen with improved features and design.
zodiark,Zodiark,Arslock,-,https://github.com/ArsLock/Zodiark,,-,false,true,true,-,-,false,true,-,-,-,62,column,MX,QMK,diy,Ergonomic 62-key split keyboard with aggressive column stagger.
zygomorph,Zygomorph,Nasp,https://keeb.io/collections/frontpage/products/zygomorph-split-ortholinear-keyboard,,,,-,false,true,true,-,-,false,true,-,-,-,60-72,ortholinear,MX,QMK,diy,Reconfigurable split keyboard that can be assembled in various layouts from Keebio.
